"10","Дисконтная карта класса WmaxROZETKA-25","Tops knives","25"
"11","Дисконтная карта класса WmaxROZETKA-25","AVEX","25"
"12","Дисконтная карта класса WmaxROZETKA-25","Danaper","10"
"13","Дисконтная карта класса WmaxROZETKA-25","5.11 Tactical®","25"
"14","Дисконтная карта класса WmaxROZETKA-25","Service","25"
"15","Дисконтная карта класса WmaxROZETKA-25","Advanced Technology International®","20"
"16","Дисконтная карта класса WmaxROZETKA-25","A-line®","30"
"17","Дисконтная карта класса WmaxROZETKA-25","EOTech®","10"
"18","Дисконтная карта класса WmaxROZETKA-25","FAB DEFENSE®","20"
"19","Дисконтная карта класса WmaxROZETKA-25","Harley Davidson®","5"
"20","Дисконтная карта класса WmaxROZETKA-25","Millett®","20"
"21","Дисконтная карта класса WmaxROZETKA-25","ProMag®","20"
"22","Дисконтная карта класса WmaxROZETKA-25","Propper®","25"
"23","Дисконтная карта класса WmaxROZETKA-25","Silencer®","10"
"24","Дисконтная карта класса WmaxROZETKA-25","Tdi Arms Technology®","20"
"25","Дисконтная карта класса WmaxROZETKA-25","Web-Tex®","25"
"26","Дисконтная карта класса Wepicenter","Brandit®","20"
"27","Дисконтная карта класса Wepicenter","ТЕМП-3000","10"
"28","Дисконтная карта класса Wepicenter","AIM Sports inc.","20"
"29","Дисконтная карта класса Wepicenter","Arsenal (Болгария)","20"
"30","Дисконтная карта класса Wepicenter","Blackhawk!®","20"
"31","Дисконтная карта класса Wepicenter","Cockpit™ USA","20"
"32","Дисконтная карта класса Wepicenter","Haix®","20"
"33","Дисконтная карта класса Wepicenter","ITI-GEAR®","20"
"34","Дисконтная карта класса Wepicenter","Life-Line®","20"
"35","Дисконтная карта класса Wepicenter","Matterhorn®","20"
"36","Дисконтная карта класса Wepicenter","Radians®","20"
"37","Дисконтная карта класса Wepicenter","Sturm Mil-Tec®","20"
"38","Дисконтная карта класса Wepicenter","SureFire WeaponLight®","20"
"39","Дисконтная карта класса Wepicenter","S.W.A.T.  ARMS®","10"
"40","Дисконтная карта класса W30_P1G","Киевские шомпола","10"
"41","Дисконтная карта класса W30_P1G","Otis Technology","10"
"42","Дисконтная карта класса W30_P1G","Beretta","10"
"43","Дисконтная карта класса W30_P1G","Podavach","10"
"44","Дисконтная карта класса W30_P1G","Aramitex","10"
"45","Дисконтная карта класса W30_P1G","MAM","10"
"46","Дисконтная карта класса W30_P1G","Sturm Mil-Tec® Reenactment","10"
"47","Дисконтная карта класса W30_P1G","Leatherman","15"
"48","Дисконтная карта класса W30_P1G","MATE","10"
"49","Дисконтная карта класса W30_P1G","P1G Armor","10"
"50","Дисконтная карта класса W30_P1G","7.62 Design®","25"
"51","Дисконтная карта класса W30_P1G","Avirex®","20"
"52","Дисконтная карта класса W30_P1G","Bolle®","25"
"53","Дисконтная карта класса W30_P1G","Commandor®","20"
"54","Дисконтная карта класса W30_P1G","LOWA®","25"
"55","Дисконтная карта класса W30_P1G","McNett®","20"
"56","Дисконтная карта класса W30_P1G","MD Arms, LTD","25"
"57","Дисконтная карта класса W30_P1G","Oakley®","25"
"58","Дисконтная карта класса W30_P1G","Surplus Raw Vintage®","23"
"59","Дисконтная карта класса W30_P1G","TacGear®","25"
"60","Дисконтная карта класса W30_P1G","Tasmanian Tiger®","25"
"61","Дисконтная карта класса W30_P1G","Trijicon®","10"
"62","Дисконтная карта класса W30_P1G","Vintage®","20"
"63","Дисконтная карта класса W30_P1G","P1G-Tac®","25"
"64","Дисконтная карта класса Wmax_P1G","Киевские шомпола","10"
"65","Дисконтная карта класса Wmax_P1G","Otis Technology","10"
"66","Дисконтная карта класса Wmax_P1G","Beretta","10"
"67","Дисконтная карта класса Wmax_P1G","Aramitex","10"
"68","Дисконтная карта класса Wmax_P1G","P1G","35"
"69","Дисконтная карта класса Wmax_P1G","Sturm Mil-Tec® Reenactment","10"
"70","Дисконтная карта класса Wmax_P1G","MATE","10"
"71","Дисконтная карта класса Wmax_P1G","7.62 Design®","25"
"72","Дисконтная карта класса Wmax_P1G","Avirex®","20"
"73","Дисконтная карта класса Wmax_P1G","Blackhawk!®","25"
"74","Дисконтная карта класса Wmax_P1G","Bolle®","25"
"75","Дисконтная карта класса Wmax_P1G","Haix®","20"
"76","Дисконтная карта класса Wmax_P1G","McNett®","20"
"77","Дисконтная карта класса Wmax_P1G","MD Arms, LTD","25"
"78","Дисконтная карта класса Wmax_P1G","Oakley®","25"
"79","Дисконтная карта класса Wmax_P1G","Surplus Raw Vintage®","23"
"80","Дисконтная карта класса Wmax_P1G","TacGear®","25"
"81","Дисконтная карта класса Wmax_P1G","Tasmanian Tiger®","25"
"82","Дисконтная карта класса Wmax_P1G","Trijicon®","10"
"83","Дисконтная карта класса Wmax_P1G","P1G-Tac®","25"
"84","Дисконтная карта D12%_30/35_P1G","Otis Technology","10"
"89","Дисконтная карта класса WmaxROZETKA-25","ТЕМП-3000","10"
"90","Дисконтная карта класса WmaxROZETKA-25","MATE","10"
"91","Дисконтная карта класса WmaxROZETKA-25","Avirex®","20"
"92","Дисконтная карта класса WmaxROZETKA-25","Blackhawk!®","25"
"93","Дисконтная карта класса WmaxROZETKA-25","Bolle®","25"
"94","Дисконтная карта класса WmaxROZETKA-25","Cockpit™ USA","25"
"95","Дисконтная карта класса WmaxROZETKA-25","ESS®","25"
"96","Дисконтная карта класса WmaxROZETKA-25","Haix®","20"
"97","Дисконтная карта класса WmaxROZETKA-25","Life-Line®","20"
"98","Дисконтная карта класса WmaxROZETKA-25","LOWA®","25"
"99","Дисконтная карта класса WmaxROZETKA-25","McNett®","20"
"100","Дисконтная карта класса WmaxROZETKA-25","Oakley®","25"
"101","Дисконтная карта класса WmaxROZETKA-25","Radians®","25"
"102","Дисконтная карта класса WmaxROZETKA-25","SureFire WeaponLight®","25"
"103","Дисконтная карта класса WmaxROZETKA-25","TacGear®","25"
"104","Дисконтная карта класса WmaxROZETKA-25","Trijicon®","10"
"105","Дисконтная карта класса Wepicenter","Основной договор","22"
"106","Дисконтная карта класса Wepicenter","HydraPak","22"
"107","Дисконтная карта класса Wepicenter","Sturm Mil-Tec® Reenactment","10"
"108","Дисконтная карта класса Wepicenter","5.11 Tactical® by SET","20"
"109","Дисконтная карта класса Wepicenter","P1G Armor","10"
"110","Дисконтная карта класса Wepicenter","Service","20"
"111","Дисконтная карта класса Wepicenter","A-line®","20"
"112","Дисконтная карта класса Wepicenter","CAA TACTICAL®","20"
"113","Дисконтная карта класса Wepicenter","Corcoran®","20"
"114","Дисконтная карта класса Wepicenter","ESS®","22"
"115","Дисконтная карта класса Wepicenter","Millett®","20"
"116","Дисконтная карта класса Wepicenter","Pelican Products, Inc.","20"
"117","Дисконтная карта класса Wepicenter","ProMag®","20"
"118","Дисконтная карта класса Wepicenter","PROF1 Media (rent gear)","10"
"119","Дисконтная карта класса Wepicenter","Tdi Arms Technology®","20"
"120","Дисконтная карта класса Wepicenter","Tru-Spec®","20"
"121","Дисконтная карта класса W30_P1G","Tops knives","20"
"122","Дисконтная карта класса W30_P1G","RECOIL","20"
"123","Дисконтная карта класса W30_P1G","Gamo","10"
"124","Дисконтная карта класса W30_P1G","Українська броня","10"
"125","Дисконтная карта класса W30_P1G","Led Lenser","10"
"126","Дисконтная карта класса W30_P1G","Swiza","10"
"127","Дисконтная карта класса W30_P1G","Klymit","30"
"128","Дисконтная карта класса W30_P1G","5.11 Tactical®","30"
"129","Дисконтная карта класса W30_P1G","Advanced Technology International®","20"
"130","Дисконтная карта класса W30_P1G","Alpha Industries®","25"
"131","Дисконтная карта класса W30_P1G","Bates®","25"
"132","Дисконтная карта класса W30_P1G","EOTech®","10"
"133","Дисконтная карта класса W30_P1G","FAB DEFENSE®","20"
"134","Дисконтная карта класса W30_P1G","Fobus®","20"
"135","Дисконтная карта класса W30_P1G","Harley Davidson®","5"
"136","Дисконтная карта класса W30_P1G","Другие","30"
"137","Дисконтная карта класса W30_P1G","Propper®","25"
"138","Дисконтная карта класса W30_P1G","Pro-Tec®","20"
"139","Дисконтная карта класса W30_P1G","Silencer®","10"
"140","Дисконтная карта класса W30_P1G","Vaude®","25"
"141","Дисконтная карта класса W30_P1G","Web-Tex®","25"
"142","Дисконтная карта класса W30_P1G","9Tactical","10"
"143","Дисконтная карта класса Wmax_P1G","Tops knives","20"
"144","Дисконтная карта класса Wmax_P1G","RECOIL","20"
"145","Дисконтная карта класса Wmax_P1G","AVEX","30"
"146","Дисконтная карта класса Wmax_P1G","Gamo","10"
"147","Дисконтная карта класса Wmax_P1G","Swiza","10"
"148","Дисконтная карта класса Wmax_P1G","Klymit","30"
"149","Дисконтная карта класса Wmax_P1G","5.11 Tactical®","30"
"150","Дисконтная карта класса Wmax_P1G","Advanced Technology International®","20"
"151","Дисконтная карта класса Wmax_P1G","Alpha Industries®","25"
"152","Дисконтная карта класса Wmax_P1G","Bates®","25"
"153","Дисконтная карта класса Wmax_P1G","EOTech®","10"
"154","Дисконтная карта класса Wmax_P1G","FAB DEFENSE®","20"
"155","Дисконтная карта класса Wmax_P1G","Fobus®","20"
"156","Дисконтная карта класса Wmax_P1G","Harley Davidson®","5"
"157","Дисконтная карта класса Wmax_P1G","Millett®","20"
"158","Дисконтная карта класса Wmax_P1G","Propper®","25"
"159","Дисконтная карта класса Wmax_P1G","Pro-Tec®","20"
"160","Дисконтная карта класса Wmax_P1G","Silencer®","10"
"161","Дисконтная карта класса Wmax_P1G","Tdi Arms Technology®","20"
"162","Дисконтная карта класса Wmax_P1G","Web-Tex®","25"
"163","Дисконтная карта D12%_30/35_P1G","Howard Leight","10"
"164","Дисконтная карта D12%_30/35_P1G","Danaper","10"
"165","Дисконтная карта D12%_30/35_P1G","Led Lenser","10"
"166","Дисконтная карта D12%_30/35_P1G","Brandit®","12"
"167","Дисконтная карта D12%_30/35_P1G","SOG Specialty Knives and Tools","10"
"168","Дисконтная карта D12%_30/35_P1G","ITI-GEAR®","12"
"175","Дисконтная карта класса WmaxROZETKA-25","Brandit®","23"
"176","Дисконтная карта класса WmaxROZETKA-25","P1G","25"
"177","Дисконтная карта класса WmaxROZETKA-25","Sturm Mil-Tec® Reenactment","10"
"178","Дисконтная карта класса WmaxROZETKA-25","5.11 Tactical® by SET","10"
"179","Дисконтная карта класса WmaxROZETKA-25","P1G Armor","10"
"180","Дисконтная карта класса WmaxROZETKA-25","7.62 Design®","25"
"181","Дисконтная карта класса WmaxROZETKA-25","CAA TACTICAL®","20"
"182","Дисконтная карта класса WmaxROZETKA-25","Commandor®","20"
"183","Дисконтная карта класса WmaxROZETKA-25","Corcoran®","25"
"184","Дисконтная карта класса WmaxROZETKA-25","MD Arms, LTD","25"
"185","Дисконтная карта класса WmaxROZETKA-25","Pelican Products, Inc.","25"
"186","Дисконтная карта класса WmaxROZETKA-25","PROF1 Media (rent gear)","10"
"187","Дисконтная карта класса WmaxROZETKA-25","Surplus Raw Vintage®","23"
"188","Дисконтная карта класса WmaxROZETKA-25","Tasmanian Tiger®","25"
"189","Дисконтная карта класса WmaxROZETKA-25","Tru-Spec®","30"
"190","Дисконтная карта класса WmaxROZETKA-25","Vintage®","20"
"191","Дисконтная карта класса WmaxROZETKA-25","P1G-Tac®","25"
"192","Дисконтная карта класса WmaxROZETKA-25","9Tactical","15"
"193","Дисконтная карта класса Wepicenter","Klymit","22"
"194","Дисконтная карта класса Wepicenter","7.62 Design®","20"
"195","Дисконтная карта класса Wepicenter","Avirex®","20"
"196","Дисконтная карта класса Wepicenter","Bolle®","20"
"197","Дисконтная карта класса Wepicenter","Commandor®","20"
"198","Дисконтная карта класса Wepicenter","LOWA®","22"
"199","Дисконтная карта класса Wepicenter","McNett®","20"
"200","Дисконтная карта класса Wepicenter","MD Arms, LTD","20"
"201","Дисконтная карта класса Wepicenter","Oakley®","20"
"202","Дисконтная карта класса Wepicenter","Surplus Raw Vintage®","20"
"203","Дисконтная карта класса Wepicenter","TacGear®","20"
"204","Дисконтная карта класса Wepicenter","Tasmanian Tiger®","20"
"205","Дисконтная карта класса Wepicenter","Trijicon®","10"
"206","Дисконтная карта класса Wepicenter","Vintage®","20"
"207","Дисконтная карта класса Wepicenter","9Tactical","10"
"208","Дисконтная карта класса W30_P1G","AVEX","30"
"209","Дисконтная карта класса W30_P1G","HydraPak","30"
"210","Дисконтная карта класса W30_P1G","ESTEM","10"
"211","Дисконтная карта класса W30_P1G","AIM Sports inc.","25"
"212","Дисконтная карта класса W30_P1G","Arsenal (Болгария)","20"
"213","Дисконтная карта класса W30_P1G","Blackhawk!®","25"
"214","Дисконтная карта класса W30_P1G","Cockpit™ USA","25"
"215","Дисконтная карта класса W30_P1G","Haix®","20"
"216","Дисконтная карта класса W30_P1G","ITI-GEAR®","30"
"217","Дисконтная карта класса W30_P1G","Life-Line®","20"
"218","Дисконтная карта класса W30_P1G","Matterhorn®","30"
"219","Дисконтная карта класса W30_P1G","Radians®","25"
"220","Дисконтная карта класса W30_P1G","Sturm Mil-Tec®","25"
"221","Дисконтная карта класса W30_P1G","SureFire WeaponLight®","25"
"222","Дисконтная карта класса W30_P1G","S.W.A.T.  ARMS®","10"
"223","Дисконтная карта класса Wmax_P1G","Led Lenser","10"
"224","Дисконтная карта класса Wmax_P1G","HydraPak","30"
"225","Дисконтная карта класса Wmax_P1G","ESTEM","10"
"226","Дисконтная карта класса Wmax_P1G","MAM","10"
"227","Дисконтная карта класса Wmax_P1G","Leatherman","15"
"228","Дисконтная карта класса Wmax_P1G","AIM Sports inc.","25"
"229","Дисконтная карта класса Wmax_P1G","Arsenal (Болгария)","20"
"230","Дисконтная карта класса Wmax_P1G","Cockpit™ USA","25"
"231","Дисконтная карта класса Wmax_P1G","ITI-GEAR®","30"
"232","Дисконтная карта класса Wmax_P1G","Life-Line®","20"
"233","Дисконтная карта класса Wmax_P1G","Matterhorn®","30"
"234","Дисконтная карта класса Wmax_P1G","Другие","30"
"235","Дисконтная карта класса Wmax_P1G","Radians®","25"
"236","Дисконтная карта класса Wmax_P1G","Sturm Mil-Tec®","25"
"237","Дисконтная карта класса Wmax_P1G","SureFire WeaponLight®","25"
"238","Дисконтная карта класса Wmax_P1G","S.W.A.T.  ARMS®","10"
"239","Дисконтная карта класса Wmax_P1G","Vaude®","25"
"240","Дисконтная карта класса 30/35_P1G","P1G","35"
"241","Дисконтная карта D12%_30/35_P1G","AVEX","12"
"242","Дисконтная карта D12%_30/35_P1G","Киевские шомпола","10"
"243","Дисконтная карта D12%_30/35_P1G","ESTEM","10"
"244","Дисконтная карта D12%_30/35_P1G","MAM","10"
"245","Дисконтная карта D12%_30/35_P1G","Swiza","10"
"246","Дисконтная карта D12%_30/35_P1G","Klymit","13"
"247","Дисконтная карта D12%_30/35_P1G","7.62 Design®","12"
"248","Дисконтная карта D12%_30/35_P1G","Commandor®","12"
"249","Дисконтная карта D12%_30/35_P1G","LOWA®","12"
"250","Дисконтная карта D12%_30/35_P1G","McNett®","12"
"251","Дисконтная карта D12%_30/35_P1G","Oakley®","12"
"252","Дисконтная карта D12%_30/35_P1G","Surplus Raw Vintage®","12"
"253","Дисконтная карта D12%_30/35_P1G","Другие","12"
"254","Дисконтная карта D12%_30/35_P1G","Sturm Mil-Tec®","12"
"255","Дисконтная карта D12%_30/35_P1G","SureFire WeaponLight®","12"
"256","Дисконтная карта D12%_30/35_P1G","S.W.A.T.  ARMS®","10"
"257","Дисконтная карта класса WmaxROZETKA","Danaper","10"
"258","Дисконтная карта класса WmaxROZETKA","Led Lenser","10"
"259","Дисконтная карта класса WmaxROZETKA","Brandit®","23"
"260","Дисконтная карта класса WmaxROZETKA","AIM Sports inc.","25"
"261","Дисконтная карта класса WmaxROZETKA","Alpha Industries®","25"
"262","Дисконтная карта класса WmaxROZETKA","Arsenal (Болгария)","20"
"263","Дисконтная карта класса WmaxROZETKA","Cockpit™ USA","25"
"264","Дисконтная карта класса WmaxROZETKA","ITI-GEAR®","30"
"265","Дисконтная карта класса WmaxROZETKA","Life-Line®","20"
"266","Дисконтная карта класса WmaxROZETKA","Matterhorn®","30"
"267","Дисконтная карта класса WmaxROZETKA","Другие","30"
"268","Дисконтная карта класса WmaxROZETKA","Sturm Mil-Tec®","32"
"269","Дисконтная карта класса WmaxROZETKA","SureFire WeaponLight®","25"
"270","Дисконтная карта класса WmaxROZETKA","S.W.A.T.  ARMS®","10"
"271","Дисконтная карта класса WmaxROZETKA","Vaude®","25"
"272","Одноразовая","5.11 Tactical® by SET","5"
"273","Одноразовая","5.11 Tactical®","5"
"274","Одноразовая","Service","5"
"275","Одноразовая","Advanced Technology International®","5"
"276","Одноразовая","Bates®","5"
"277","Одноразовая","EOTech®","5"
"278","Одноразовая","FAB DEFENSE®","5"
"279","Одноразовая","Fobus®","5"
"280","Одноразовая","Harley Davidson®","5"
"281","Одноразовая","Millett®","5"
"282","Одноразовая","ProMag®","5"
"283","Одноразовая","Propper®","5"
"284","Одноразовая","Pro-Tec®","5"
"285","Одноразовая","Silencer®","5"
"286","Одноразовая","Tdi Arms Technology®","5"
"287","Одноразовая","Web-Tex®","5"
"288","Дисконтная карта класса Wmax-International","P1G","30"
"289","Дисконтная карта класса Wmax-International","P1G-Tac®","30"
"290","Дисконтная карта D5%","HydraPak","5"
"291","Дисконтная карта D5%","MAM","5"
"292","Дисконтная карта D5%","Sturm Mil-Tec® Reenactment","5"
"293","Дисконтная карта D5%","5.11 Tactical® by SET","5"
"294","Дисконтная карта D5%","Leatherman","5"
"295","Дисконтная карта D5%","P1G Armor","5"
"296","Дисконтная карта D5%","7.62 Design®","5"
"297","Дисконтная карта D5%","CAA TACTICAL®","5"
"298","Дисконтная карта D5%","Commandor®","5"
"299","Дисконтная карта D5%","Corcoran®","25"
"300","Дисконтная карта D5%","ESS®","5"
"301","Дисконтная карта D5%","LOWA®","5"
"302","Дисконтная карта D5%","MD Arms, LTD","5"
"303","Дисконтная карта D5%","Pelican Products, Inc.","25"
"304","Дисконтная карта D5%","PROF1 Media (rent gear)","10"
"305","Дисконтная карта D5%","Surplus Raw Vintage®","5"
"306","Дисконтная карта D5%","Tasmanian Tiger®","25"
"307","Дисконтная карта D5%","Tru-Spec®","5"
"308","Дисконтная карта D5%","Vintage®","5"
"309","Дисконтная карта D10%","Howard Leight","10"
"310","Дисконтная карта D10%","Tops knives","10"
"311","Дисконтная карта D10%","RECOIL","10"
"312","Дисконтная карта D10%","Led Lenser","10"
"313","Дисконтная карта D10%","ESTEM","10"
"314","Дисконтная карта D10%","Brandit®","10"
"315","Дисконтная карта D10%","AIM Sports inc.","25"
"316","Дисконтная карта D10%","Alpha Industries®","10"
"317","Дисконтная карта D10%","Arsenal (Болгария)","10"
"318","Дисконтная карта D10%","Bates®","25"
"319","Дисконтная карта D10%","Fobus®","10"
"320","Дисконтная карта D10%","ITI-GEAR®","10"
"321","Дисконтная карта D10%","Matterhorn®","10"
"322","Дисконтная карта D10%","Другие","10"
"323","Дисконтная карта D10%","Pro-Tec®","10"
"324","Дисконтная карта D10%","Sturm Mil-Tec®","10"
"325","Дисконтная карта D10%","SureFire WeaponLight®","10"
"326","Дисконтная карта D10%","S.W.A.T.  ARMS®","10"
"327","Дисконтная карта D10%","Vaude®","25"
"328","Дисконтная карта D10%","9Tactical","10"
"329","Дисконтная карта D15%","RECOIL","15"
"330","Дисконтная карта D15%","AVEX","15"
"331","Дисконтная карта D15%","Swiza","10"
"332","Дисконтная карта D15%","5.11 Tactical® by SET","5"
"333","Дисконтная карта D15%","5.11 Tactical®","15"
"334","Дисконтная карта D15%","Alpha Industries®","15"
"335","Дисконтная карта D15%","Arsenal (Болгария)","15"
"336","Дисконтная карта D15%","Bates®","25"
"337","Дисконтная карта D12%_30/35_P1G","Trijicon®","10"
"338","Дисконтная карта D12%_30/35_P1G","9Tactical","10"
"339","Дисконтная карта класса WmaxROZETKA","P1G","25"
"340","Дисконтная карта класса WmaxROZETKA","5.11 Tactical® by SET","5"
"341","Дисконтная карта класса WmaxROZETKA","ТЕМП-3000","10"
"342","Дисконтная карта класса WmaxROZETKA","MATE","10"
"343","Дисконтная карта класса WmaxROZETKA","5.11 Tactical®","30"
"344","Дисконтная карта класса WmaxROZETKA","Service","25"
"345","Дисконтная карта класса WmaxROZETKA","Advanced Technology International®","20"
"346","Дисконтная карта класса WmaxROZETKA","Bates®","25"
"347","Дисконтная карта класса WmaxROZETKA","EOTech®","10"
"348","Дисконтная карта класса WmaxROZETKA","FAB DEFENSE®","20"
"349","Дисконтная карта класса WmaxROZETKA","Fobus®","20"
"350","Дисконтная карта класса WmaxROZETKA","Harley Davidson®","5"
"351","Дисконтная карта класса WmaxROZETKA","Millett®","20"
"352","Дисконтная карта класса WmaxROZETKA","Propper®","25"
"353","Дисконтная карта класса WmaxROZETKA","Pro-Tec®","20"
"354","Дисконтная карта класса WmaxROZETKA","Silencer®","10"
"355","Дисконтная карта класса WmaxROZETKA","Tdi Arms Technology®","20"
"356","Дисконтная карта класса WmaxROZETKA","Web-Tex®","25"
"357","Дисконтная карта класса WmaxROZETKA","P1G-Tac®","25"
"358","Дисконтная карта класса WmaxROZETKA","9Tactical","10"
"359","Одноразовая","AIM Sports inc.","5"
"360","Одноразовая","Alpha Industries®","5"
"361","Одноразовая","Arsenal (Болгария)","5"
"362","Одноразовая","Cockpit™ USA","5"
"363","Одноразовая","ITI-GEAR®","5"
"364","Одноразовая","Life-Line®","5"
"365","Одноразовая","Matterhorn®","5"
"366","Одноразовая","Другие","5"
"367","Одноразовая","Sturm Mil-Tec®","5"
"368","Одноразовая","SureFire WeaponLight®","5"
"369","Одноразовая","S.W.A.T.  ARMS®","5"
"370","Одноразовая","Vaude®","5"
"371","Дисконтная карта D5%","AVEX","5"
"372","Дисконтная карта D5%","Киевские шомпола","5"
"373","Дисконтная карта D5%","Danaper","5"
"374","Дисконтная карта D5%","Aramitex","5"
"375","Дисконтная карта D5%","Swiza","5"
"376","Дисконтная карта D5%","SOG Specialty Knives and Tools","5"
"377","Дисконтная карта D5%","Klymit","5"
"378","Дисконтная карта D5%","Avirex®","5"
"379","Дисконтная карта D5%","Blackhawk!®","25"
"380","Дисконтная карта D5%","Bolle®","5"
"381","Дисконтная карта D5%","Cockpit™ USA","5"
"382","Дисконтная карта D5%","Haix®","5"
"383","Дисконтная карта D5%","Life-Line®","5"
"384","Дисконтная карта D5%","McNett®","5"
"385","Дисконтная карта D5%","Oakley®","5"
"386","Дисконтная карта D5%","Radians®","25"
"387","Дисконтная карта D5%","SureFire WeaponLight®","5"
"388","Дисконтная карта D5%","TacGear®","25"
"389","Дисконтная карта D5%","Trijicon®","5"
"390","Дисконтная карта D10%","Otis Technology","10"
"391","Дисконтная карта D10%","Українська броня","10"
"392","Дисконтная карта D10%","Talon Grips","10"
"393","Дисконтная карта D10%","P1G","10"
"394","Дисконтная карта D10%","ТЕМП-3000","10"
"395","Дисконтная карта D10%","MATE","10"
"396","Дисконтная карта D10%","5.11 Tactical®","10"
"397","Дисконтная карта D10%","Service","25"
"398","Дисконтная карта D10%","Advanced Technology International®","20"
"399","Дисконтная карта D10%","EOTech®","10"
"400","Дисконтная карта D10%","FAB DEFENSE®","10"
"401","Дисконтная карта D10%","Harley Davidson®","5"
"402","Дисконтная карта D10%","Millett®","10"
"403","Дисконтная карта D10%","ProMag®","10"
"404","Дисконтная карта D10%","Propper®","10"
"405","Дисконтная карта D10%","Silencer®","10"
"406","Дисконтная карта D10%","Tdi Arms Technology®","10"
"407","Дисконтная карта D10%","Web-Tex®","25"
"408","Дисконтная карта D10%","P1G-Tac®","10"
"409","Дисконтная карта D15%","Tops knives","15"
"410","Дисконтная карта D15%","Aramitex","10"
"411","Дисконтная карта D15%","Led Lenser","10"
"412","Дисконтная карта D15%","HydraPak","15"
"413","Дисконтная карта D15%","MAM","10"
"414","Дисконтная карта D15%","Klymit","15"
"415","Дисконтная карта D15%","MATE","10"
"416","Дисконтная карта D15%","AIM Sports inc.","25"
"417","Дисконтная карта D15%","Blackhawk!®","25"
"418","Дисконтная карта D15%","Bolle®","15"
"419","Дисконтная карта D15%","Cockpit™ USA","15"
"420","Дисконтная карта D15%","Haix®","15"
"421","Дисконтная карта D12%_30/35_P1G","Aramitex","10"
"422","Дисконтная карта D12%_30/35_P1G","HydraPak","12"
"423","Дисконтная карта D12%_30/35_P1G","Talon Grips","10"
"424","Дисконтная карта D12%_30/35_P1G","Sturm Mil-Tec® Reenactment","10"
"425","Дисконтная карта D12%_30/35_P1G","P1G Armor","10"
"426","Дисконтная карта D12%_30/35_P1G","A-line®","12"
"427","Дисконтная карта D12%_30/35_P1G","ESS®","12"
"428","Дисконтная карта класса WmaxROZETKA","Sturm Mil-Tec® Reenactment","10"
"429","Дисконтная карта класса WmaxROZETKA","Leatherman","20"
"430","Дисконтная карта класса WmaxROZETKA","P1G Armor","10"
"431","Дисконтная карта класса WmaxROZETKA","A-line®","30"
"432","Дисконтная карта класса WmaxROZETKA","CAA TACTICAL®","20"
"433","Дисконтная карта класса WmaxROZETKA","Commandor®","20"
"434","Дисконтная карта класса WmaxROZETKA","Corcoran®","25"
"435","Дисконтная карта класса WmaxROZETKA","ESS®","25"
"436","Дисконтная карта класса WmaxROZETKA","LOWA®","25"
"437","Дисконтная карта класса WmaxROZETKA","Pelican Products, Inc.","25"
"438","Дисконтная карта класса WmaxROZETKA","ProMag®","20"
"439","Дисконтная карта класса WmaxROZETKA","PROF1 Media (rent gear)","10"
"440","Дисконтная карта класса WmaxROZETKA","Surplus Raw Vintage®","23"
"441","Дисконтная карта класса WmaxROZETKA","Tru-Spec®","30"
"442","Дисконтная карта класса WmaxROZETKA","Vintage®","20"
"443","Одноразовая","P1G","5"
"444","Одноразовая","7.62 Design®","5"
"445","Одноразовая","Avirex®","5"
"446","Одноразовая","Blackhawk!®","5"
"447","Одноразовая","Bolle®","5"
"448","Одноразовая","Haix®","5"
"449","Одноразовая","McNett®","5"
"450","Одноразовая","Oakley®","5"
"451","Одноразовая","Radians®","5"
"452","Одноразовая","TacGear®","5"
"453","Одноразовая","Tasmanian Tiger®","5"
"454","Одноразовая","Trijicon®","5"
"455","Одноразовая","P1G-Tac®","5"
"456","Дисконтная карта D5%","Howard Leight","5"
"457","Дисконтная карта D5%","Tops knives","5"
"458","Дисконтная карта D5%","RECOIL","5"
"459","Дисконтная карта D5%","Led Lenser","5"
"460","Дисконтная карта D5%","ESTEM","5"
"461","Дисконтная карта D5%","Brandit®","5"
"462","Дисконтная карта D5%","AIM Sports inc.","25"
"463","Дисконтная карта D5%","Alpha Industries®","5"
"464","Дисконтная карта D5%","Arsenal (Болгария)","5"
"465","Дисконтная карта D5%","Bates®","25"
"466","Дисконтная карта D5%","Fobus®","5"
"467","Дисконтная карта D5%","ITI-GEAR®","5"
"468","Дисконтная карта D5%","Matterhorn®","5"
"469","Дисконтная карта D5%","Другие","5"
"470","Дисконтная карта D5%","Pro-Tec®","5"
"471","Дисконтная карта D5%","Sturm Mil-Tec®","5"
"472","Дисконтная карта D5%","S.W.A.T.  ARMS®","5"
"473","Дисконтная карта D5%","Vaude®","25"
"474","Дисконтная карта D5%","9Tactical","5"
"475","Дисконтная карта D10%","Aramitex","10"
"476","Дисконтная карта D10%","HydraPak","10"
"477","Дисконтная карта D10%","MAM","10"
"478","Дисконтная карта D10%","Sturm Mil-Tec® Reenactment","10"
"479","Дисконтная карта D10%","5.11 Tactical® by SET","5"
"480","Дисконтная карта D10%","Leatherman","10"
"481","Дисконтная карта D10%","P1G Armor","10"
"482","Дисконтная карта D10%","7.62 Design®","10"
"483","Дисконтная карта D10%","A-line®","10"
"484","Дисконтная карта D10%","CAA TACTICAL®","10"
"485","Дисконтная карта D10%","Commandor®","10"
"486","Дисконтная карта D10%","Corcoran®","25"
"487","Дисконтная карта D10%","ESS®","10"
"488","Дисконтная карта D10%","LOWA®","10"
"489","Дисконтная карта D10%","MD Arms, LTD","10"
"490","Дисконтная карта D10%","Pelican Products, Inc.","25"
"491","Дисконтная карта D10%","PROF1 Media (rent gear)","10"
"492","Дисконтная карта D10%","Surplus Raw Vintage®","10"
"493","Дисконтная карта D10%","Tasmanian Tiger®","25"
"494","Дисконтная карта D10%","Tru-Spec®","10"
"495","Дисконтная карта D10%","Vintage®","10"
"496","Дисконтная карта D15%","Howard Leight","10"
"497","Дисконтная карта D15%","Otis Technology","10"
"498","Дисконтная карта D15%","ESTEM","10"
"499","Дисконтная карта D15%","Leatherman","10"
"500","Дисконтная карта D15%","SOG Specialty Knives and Tools","10"
"501","Дисконтная карта D15%","ТЕМП-3000","10"
"502","Дисконтная карта D15%","7.62 Design®","15"
"503","Дисконтная карта D15%","Avirex®","15"
"504","Дисконтная карта D15%","Commandor®","15"
"505","Дисконтная карта D15%","ITI-GEAR®","15"
"506","Дисконтная карта D15%","Life-Line®","15"
"507","Дисконтная карта D15%","Oakley®","15"
"508","Дисконтная карта D15%","Radians®","25"
"509","Дисконтная карта D15%","Sturm Mil-Tec®","15"
"510","Дисконтная карта D15%","SureFire WeaponLight®","15"
"511","Дисконтная карта D15%","Trijicon®","10"
"512","Дисконтная карта класса S","Киевские шомпола","10"
"513","Дисконтная карта класса S","Danaper","10"
"514","Дисконтная карта класса S","ESTEM","10"
"515","Дисконтная карта класса S","Swiza","10"
"516","Дисконтная карта класса S","Brandit®","20"
"517","Дисконтная карта класса S","Sturm Mil-Tec® Reenactment","10"
"518","Дисконтная карта класса S","P1G Armor","10"
"519","Дисконтная карта класса S","7.62 Design®","20"
"520","Дисконтная карта класса S","CAA TACTICAL®","20"
"521","Дисконтная карта класса S","Commandor®","20"
"522","Дисконтная карта класса S","Corcoran®","25"
"523","Дисконтная карта класса S","ESS®","20"
"524","Дисконтная карта класса S","LOWA®","20"
"525","Дисконтная карта класса S","MD Arms, LTD","20"
"526","Дисконтная карта класса S","Pelican Products, Inc.","25"
"527","Дисконтная карта класса S","PROF1 Media (rent gear)","10"
"528","Дисконтная карта класса S","Surplus Raw Vintage®","20"
"529","Дисконтная карта класса S","Tasmanian Tiger®","25"
"530","Дисконтная карта класса S","Tru-Spec®","20"
"531","Дисконтная карта класса S","Vintage®","20"
"532","Дисконтная карта класса Wmax","","30"
"533","Дисконтная карта класса Wmax","Киевские шомпола","10"
"534","Дисконтная карта класса Wmax","Українська броня","10"
"535","Дисконтная карта класса Wmax","Talon Grips","10"
"536","Дисконтная карта класса Wmax","Brandit®","23"
"537","Дисконтная карта класса Wmax","P1G","35"
"538","Дисконтная карта класса Wmax","Sturm Mil-Tec® Reenactment","10"
"539","Дисконтная карта класса Wmax","P1G Armor","10"
"540","Дисконтная карта класса Wmax","Service","25"
"541","Дисконтная карта класса Wmax","Advanced Technology International®","20"
"542","Дисконтная карта класса Wmax","A-line®","10"
"543","Дисконтная карта класса Wmax","CAA TACTICAL®","20"
"544","Дисконтная карта класса Wmax","Harley Davidson®","5"
"545","Дисконтная карта класса Wmax","Millett®","20"
"546","Дисконтная карта класса Wmax","Pelican Products, Inc.","25"
"547","Дисконтная карта класса Wmax","ProMag®","20"
"548","Дисконтная карта класса Wmax","Silencer®","10"
"549","Дисконтная карта класса Wmax","Tdi Arms Technology®","20"
"550","Дисконтная карта класса Wmax","Tru-Spec®","30"
"551","Дисконтная карта класса Wmax","9Tactical","10"
"552","Дисконтная карта класса W20","Tops knives","20"
"553","Дисконтная карта класса W20","RECOIL","20"
"554","Дисконтная карта класса W20","Otis Technology","10"
"555","Дисконтная карта класса W20","Led Lenser","10"
"556","Дисконтная карта класса W20","P1G","35"
"557","Дисконтная карта класса W20","Leatherman","15"
"558","Дисконтная карта класса W20","MATE","10"
"559","Дисконтная карта класса W20","5.11 Tactical®","20"
"560","Дисконтная карта класса W20","Advanced Technology International®","20"
"561","Дисконтная карта класса W20","Alpha Industries®","20"
"562","Дисконтная карта класса W20","Bates®","20"
"563","Дисконтная карта класса W20","EOTech®","10"
"564","Дисконтная карта класса W20","FAB DEFENSE®","20"
"565","Дисконтная карта класса W20","Fobus®","20"
"566","Дисконтная карта класса W20","Harley Davidson®","5"
"567","Дисконтная карта класса W20","Millett®","20"
"568","Дисконтная карта класса W20","Другие","20"
"569","Дисконтная карта класса W20","Propper®","20"
"570","Дисконтная карта класса W20","Pro-Tec®","20"
"571","Дисконтная карта класса W20","Silencer®","10"
"572","Дисконтная карта класса W20","Vaude®","20"
"573","Дисконтная карта класса W20","Web-Tex®","20"
"574","Дисконтная карта класса W20","P1G-Tac®","25"
"575","Дисконтная карта класса W1","Onlyele","15"
"576","Дисконтная карта класса W1","RECOIL","20"
"577","Дисконтная карта класса W1","Українська броня","10"
"578","Дисконтная карта класса W1","Talon Grips","10"
"579","Дисконтная карта класса W1","P1G","35"
"580","Дисконтная карта класса W1","MATE","10"
"581","Дисконтная карта класса W1","5.11 Tactical®","27"
"582","Дисконтная карта класса W1","Service","25"
"583","Дисконтная карта класса W1","Advanced Technology International®","20"
"584","Дисконтная карта класса W1","Bates®","25"
"585","Дисконтная карта класса W1","EOTech®","10"
"586","Дисконтная карта класса W1","FAB DEFENSE®","20"
"587","Дисконтная карта класса W1","Fobus®","20"
"588","Дисконтная карта класса W1","Harley Davidson®","5"
"589","Дисконтная карта D15%","EOTech®","10"
"590","Дисконтная карта D15%","FAB DEFENSE®","15"
"591","Дисконтная карта D15%","Fobus®","15"
"592","Дисконтная карта D15%","Matterhorn®","15"
"593","Дисконтная карта D15%","Другие","15"
"594","Дисконтная карта D15%","Propper®","15"
"595","Дисконтная карта D15%","Pro-Tec®","15"
"596","Дисконтная карта D15%","S.W.A.T.  ARMS®","10"
"597","Дисконтная карта D15%","Vaude®","25"
"598","Дисконтная карта D15%","Web-Tex®","25"
"599","Дисконтная карта класса S","Howard Leight","10"
"600","Дисконтная карта класса S","Tops knives","25"
"601","Дисконтная карта класса S","Українська броня","10"
"602","Дисконтная карта класса S","Led Lenser","10"
"603","Дисконтная карта класса S","P1G","20"
"604","Дисконтная карта класса S","Avirex®","20"
"605","Дисконтная карта класса S","Blackhawk!®","60"
"606","Дисконтная карта класса S","Bolle®","20"
"607","Дисконтная карта класса S","Cockpit™ USA","20"
"608","Дисконтная карта класса S","Haix®","20"
"609","Дисконтная карта класса S","Life-Line®","20"
"610","Дисконтная карта класса S","McNett®","20"
"611","Дисконтная карта класса S","Oakley®","20"
"612","Дисконтная карта класса S","Radians®","25"
"613","Дисконтная карта класса S","SureFire WeaponLight®","20"
"614","Дисконтная карта класса S","TacGear®","25"
"615","Дисконтная карта класса S","Trijicon®","10"
"616","Дисконтная карта класса S","9Tactical","10"
"617","Дисконтная карта класса Wmax","Howard Leight","10"
"618","Дисконтная карта класса Wmax","Otis Technology","10"
"619","Дисконтная карта класса Wmax","Beretta","10"
"620","Дисконтная карта класса Wmax","Podavach","10"
"621","Дисконтная карта класса Wmax","ESTEM","10"
"622","Дисконтная карта класса Wmax","ТЕМП-3000","10"
"623","Дисконтная карта класса Wmax","7.62 Design®","25"
"624","Дисконтная карта класса Wmax","Avirex®","20"
"625","Дисконтная карта класса Wmax","Commandor®","20"
"626","Дисконтная карта класса Wmax","Corcoran®","25"
"627","Дисконтная карта класса Wmax","ESS®","30"
"628","Дисконтная карта класса Wmax","LOWA®","25"
"629","Дисконтная карта класса Wmax","McNett®","20"
"630","Дисконтная карта класса Wmax","MD Arms, LTD","25"
"631","Дисконтная карта класса Wmax","PROF1 Media (rent gear)","10"
"632","Дисконтная карта класса Wmax","Surplus Raw Vintage®","23"
"633","Дисконтная карта класса Wmax","TacGear®","25"
"634","Дисконтная карта класса Wmax","Tasmanian Tiger®","25"
"635","Дисконтная карта класса Wmax","Vintage®","20"
"636","Дисконтная карта класса Wmax","P1G-Tac®","25"
"637","Дисконтная карта класса W20","Howard Leight","10"
"638","Дисконтная карта класса W20","Українська броня","10"
"639","Дисконтная карта класса W20","ESTEM","10"
"640","Дисконтная карта класса W20","Brandit®","20"
"641","Дисконтная карта класса W20","ТЕМП-3000","10"
"642","Дисконтная карта класса W20","AIM Sports inc.","20"
"643","Дисконтная карта класса W20","Arsenal (Болгария)","20"
"644","Дисконтная карта класса W20","Blackhawk!®","20"
"645","Дисконтная карта класса W20","Cockpit™ USA","20"
"646","Дисконтная карта класса W20","Haix®","20"
"647","Дисконтная карта класса W20","ITI-GEAR®","20"
"648","Дисконтная карта класса W20","Life-Line®","20"
"649","Дисконтная карта класса W20","Matterhorn®","20"
"650","Дисконтная карта класса W20","Radians®","20"
"651","Дисконтная карта класса W20","Sturm Mil-Tec®","20"
"652","Дисконтная карта класса W20","SureFire WeaponLight®","20"
"653","Дисконтная карта класса W20","S.W.A.T.  ARMS®","10"
"654","Дисконтная карта класса W1","","30"
"655","Дисконтная карта класса W1","Киевские шомпола","10"
"656","Дисконтная карта класса W1","Otis Technology","10"
"657","Дисконтная карта класса W1","Podavach","10"
"658","Дисконтная карта класса W1","Sturm Mil-Tec® Reenactment","10"
"659","Дисконтная карта класса W1","5.11 Tactical® by SET","5"
"660","Дисконтная карта класса W1","Leatherman","20"
"661","Дисконтная карта класса W1","P1G Armor","10"
"662","Дисконтная карта класса W1","A-line®","9"
"663","Дисконтная карта класса W1","CAA TACTICAL®","20"
"664","Дисконтная карта класса W1","Commandor®","20"
"665","Дисконтная карта класса W1","Corcoran®","25"
"666","Дисконтная карта класса W1","ESS®","25"
"667","Дисконтная карта класса W1","LOWA®","25"
"668","Дисконтная карта класса W1","Pelican Products, Inc.","25"
"669","Дисконтная карта класса W1","ProMag®","20"
"670","Дисконтная карта класса W1","PROF1 Media (rent gear)","10"
"671","Дисконтная карта класса W1","Surplus Raw Vintage®","23"
"672","Дисконтная карта класса W1","Tru-Spec®","27"
"673","Дисконтная карта D15%","Corcoran®","25"
"674","Дисконтная карта D15%","ESS®","15"
"675","Дисконтная карта D15%","LOWA®","15"
"676","Дисконтная карта D15%","McNett®","15"
"677","Дисконтная карта D15%","MD Arms, LTD","15"
"678","Дисконтная карта D15%","PROF1 Media (rent gear)","10"
"679","Дисконтная карта D15%","Surplus Raw Vintage®","15"
"680","Дисконтная карта D15%","TacGear®","25"
"681","Дисконтная карта D15%","Tasmanian Tiger®","25"
"682","Дисконтная карта D15%","Vintage®","15"
"683","Дисконтная карта D15%","P1G-Tac®","15"
"684","Дисконтная карта класса S","AVEX","25"
"685","Дисконтная карта класса S","Aramitex","10"
"686","Дисконтная карта класса S","HydraPak","25"
"687","Дисконтная карта класса S","MAM","10"
"688","Дисконтная карта класса S","Talon Grips","10"
"689","Дисконтная карта класса S","5.11 Tactical® by SET","5"
"690","Дисконтная карта класса S","Klymit","25"
"691","Дисконтная карта класса S","5.11 Tactical®","25"
"692","Дисконтная карта класса S","Service","25"
"693","Дисконтная карта класса S","Advanced Technology International®","20"
"694","Дисконтная карта класса S","A-line®","20"
"695","Дисконтная карта класса S","EOTech®","10"
"696","Дисконтная карта класса S","FAB DEFENSE®","20"
"697","Дисконтная карта класса S","Harley Davidson®","5"
"698","Дисконтная карта класса S","Millett®","20"
"699","Дисконтная карта класса S","ProMag®","20"
"700","Дисконтная карта класса S","Propper®","20"
"701","Дисконтная карта класса S","Silencer®","10"
"702","Дисконтная карта класса S","Tdi Arms Technology®","20"
"703","Дисконтная карта класса S","Web-Tex®","25"
"704","Дисконтная карта класса Wmax","RECOIL","20"
"705","Дисконтная карта класса Wmax","AVEX","30"
"706","Дисконтная карта класса Wmax","Danaper","10"
"707","Дисконтная карта класса Wmax","Swiza","10"
"708","Дисконтная карта класса Wmax","5.11 Tactical® by SET","5"
"709","Дисконтная карта класса Wmax","5.11 Tactical®","30"
"710","Дисконтная карта класса Wmax","Alpha Industries®","25"
"711","Дисконтная карта класса Wmax","Arsenal (Болгария)","20"
"712","Дисконтная карта класса Wmax","Bates®","25"
"713","Дисконтная карта класса Wmax","EOTech®","10"
"714","Дисконтная карта класса Wmax","FAB DEFENSE®","20"
"715","Дисконтная карта класса Wmax","Fobus®","20"
"716","Дисконтная карта класса Wmax","Matterhorn®","30"
"717","Дисконтная карта класса Wmax","Другие","30"
"718","Дисконтная карта класса Wmax","Propper®","25"
"719","Дисконтная карта класса Wmax","Pro-Tec®","20"
"720","Дисконтная карта класса Wmax","S.W.A.T.  ARMS®","10"
"721","Дисконтная карта класса Wmax","Vaude®","25"
"722","Дисконтная карта класса Wmax","Web-Tex®","25"
"723","Дисконтная карта класса W20","","30"
"724","Дисконтная карта класса W20","Onlyele","10"
"725","Дисконтная карта класса W20","Danaper","10"
"726","Дисконтная карта класса W20","Podavach","10"
"727","Дисконтная карта класса W20","Aramitex","10"
"728","Дисконтная карта класса W20","HydraPak","20"
"729","Дисконтная карта класса W20","MAM","10"
"730","Дисконтная карта класса W20","Talon Grips","10"
"731","Дисконтная карта класса W20","5.11 Tactical® by SET","5"
"732","Дисконтная карта класса W20","P1G Armor","10"
"733","Дисконтная карта класса W20","Service","20"
"734","Дисконтная карта класса W20","A-line®","6"
"735","Дисконтная карта класса W20","CAA TACTICAL®","20"
"736","Дисконтная карта класса W20","Corcoran®","20"
"737","Дисконтная карта класса W20","ESS®","20"
"738","Дисконтная карта класса W20","Pelican Products, Inc.","20"
"739","Дисконтная карта класса W20","ProMag®","20"
"740","Дисконтная карта класса W20","PROF1 Media (rent gear)","10"
"741","Дисконтная карта класса W20","Tdi Arms Technology®","20"
"742","Дисконтная карта класса W20","Tru-Spec®","20"
"743","Дисконтная карта класса W20","Vintage®","20"
"744","Дисконтная карта класса W1","Tops knives","20"
"745","Дисконтная карта класса W1","Danaper","10"
"746","Дисконтная карта класса W1","Led Lenser","10"
"747","Дисконтная карта класса W1","Swiza","10"
"748","Дисконтная карта класса W1","Brandit®","23"
"749","Дисконтная карта класса W1","ТЕМП-3000","10"
"750","Дисконтная карта класса W1","AIM Sports inc.","25"
"751","Дисконтная карта класса W1","Alpha Industries®","25"
"752","Дисконтная карта класса W1","Arsenal (Болгария)","20"
"753","Дисконтная карта класса W1","Cockpit™ USA","25"
"754","Дисконтная карта класса W1","ITI-GEAR®","27"
"755","Дисконтная карта класса W1","Life-Line®","20"
"756","Дисконтная карта класса W1","Matterhorn®","27"
"757","Дисконтная карта класса W1","Другие","27"
"758","Дисконтная карта класса W1","Sturm Mil-Tec®","25"
"759","Дисконтная карта класса W1","SureFire WeaponLight®","25"
"760","Дисконтная карта класса W1","S.W.A.T.  ARMS®","10"
"761","Дисконтная карта класса W1","Vaude®","25"
"762","Дисконтная карта класса W1","9Tactical","10"
"763","Дисконтная карта класса W2","","30"
"764","Дисконтная карта класса W2","Onlyele","15"
"765","Дисконтная карта класса W2","Киевские шомпола","10"
"766","Дисконтная карта класса W2","Otis Technology","10"
"767","Дисконтная карта класса W2","Українська броня","10"
"768","Дисконтная карта класса W2","Leatherman","20"
"769","Дисконтная карта класса W2","P1G Armor","10"
"770","Дисконтная карта класса W2","7.62 Design®","25"
"771","Дисконтная карта класса W2","Avirex®","20"
"772","Дисконтная карта класса W2","Commandor®","20"
"773","Дисконтная карта класса W2","Corcoran®","25"
"774","Дисконтная карта класса W2","ESS®","25"
"775","Дисконтная карта класса W2","LOWA®","25"
"776","Дисконтная карта класса W2","McNett®","20"
"777","Дисконтная карта класса W2","MD Arms, LTD","25"
"778","Дисконтная карта класса W2","PROF1 Media (rent gear)","10"
"779","Дисконтная карта класса W2","Surplus Raw Vintage®","23"
"780","Дисконтная карта класса W2","TacGear®","25"
"781","Дисконтная карта класса W2","Tasmanian Tiger®","25"
"782","Дисконтная карта класса W2","Vintage®","20"
"783","Дисконтная карта класса W3","Danaper","10"
"784","Дисконтная карта класса W3","Led Lenser","10"
"785","Дисконтная карта класса W3","Swiza","10"
"786","Дисконтная карта класса W3","Brandit®","22"
"787","Дисконтная карта класса W3","ТЕМП-3000","10"
"788","Дисконтная карта класса W3","AIM Sports inc.","22"
"789","Дисконтная карта класса W3","Arsenal (Болгария)","20"
"790","Дисконтная карта класса W3","Blackhawk!®","22"
"791","Дисконтная карта класса W3","Cockpit™ USA","22"
"792","Дисконтная карта класса W3","Haix®","20"
"793","Дисконтная карта класса W3","ITI-GEAR®","22"
"794","Дисконтная карта класса W3","Life-Line®","20"
"795","Дисконтная карта класса W3","Matterhorn®","22"
"796","Дисконтная карта класса W3","Radians®","22"
"797","Дисконтная карта класса W3","Sturm Mil-Tec®","25"
"798","Дисконтная карта класса W3","SureFire WeaponLight®","22"
"799","Дисконтная карта класса W3","S.W.A.T.  ARMS®","10"
"800","Дисконтная карта класса W15","","30"
"801","Дисконтная карта класса W15","Киевские шомпола","10"
"802","Дисконтная карта класса W15","Otis Technology","10"
"803","Дисконтная карта класса W15","Podavach","10"
"804","Дисконтная карта класса W15","ESTEM","10"
"805","Дисконтная карта класса W15","Sturm Mil-Tec® Reenactment","10"
"806","Дисконтная карта класса W15","P1G Armor","10"
"807","Дисконтная карта класса W15","Service","25"
"808","Дисконтная карта класса W15","A-line®","5"
"809","Дисконтная карта класса W15","CAA TACTICAL®","15"
"810","Дисконтная карта класса W15","Corcoran®","25"
"811","Дисконтная карта класса W15","ESS®","15"
"812","Дисконтная карта класса W15","Millett®","15"
"813","Дисконтная карта класса W15","Pelican Products, Inc.","25"
"814","Дисконтная карта класса W15","ProMag®","15"
"815","Дисконтная карта класса W15","PROF1 Media (rent gear)","10"
"816","Дисконтная карта класса W15","Tdi Arms Technology®","15"
"817","Дисконтная карта класса W15","Tru-Spec®","15"
"818","Дисконтная карта класса Wvip","Киевские шомпола","10"
"819","Дисконтная карта класса Wvip","Danaper","10"
"820","Дисконтная карта класса Wvip","Українська броня","10"
"821","Дисконтная карта класса Wvip","Led Lenser","10"
"822","Дисконтная карта класса Wvip","ESTEM","10"
"823","Дисконтная карта класса Wvip","P1G","35"
"824","Дисконтная карта класса Wvip","MATE","10"
"825","Дисконтная карта класса Wvip","Avirex®","20"
"826","Дисконтная карта класса Wvip","Blackhawk!®","20"
"827","Дисконтная карта класса Wvip","Bolle®","20"
"828","Дисконтная карта класса Wvip","Cockpit™ USA","20"
"829","Дисконтная карта класса Wvip","Haix®","20"
"830","Дисконтная карта класса Wvip","Life-Line®","20"
"831","Дисконтная карта класса Wvip","McNett®","20"
"832","Дисконтная карта класса Wvip","Oakley®","20"
"833","Дисконтная карта класса Wvip","Radians®","20"
"834","Дисконтная карта класса Wvip","SureFire WeaponLight®","20"
"835","Дисконтная карта класса Wvip","TacGear®","20"
"836","Дисконтная карта класса Wvip","Trijicon®","10"
"837","Дисконтная карта класса Wvip","P1G-Tac®","20"
"838","Дисконтная карта D3%","AVEX","3"
"839","Дисконтная карта D3%","HydraPak","3"
"840","Дисконтная карта D3%","MAM","3"
"841","Дисконтная карта класса W1","Millett®","20"
"842","Дисконтная карта класса W1","Propper®","25"
"843","Дисконтная карта класса W1","Pro-Tec®","20"
"844","Дисконтная карта класса W1","Silencer®","10"
"845","Дисконтная карта класса W1","Tdi Arms Technology®","20"
"846","Дисконтная карта класса W1","Web-Tex®","25"
"847","Дисконтная карта класса W1","P1G-Tac®","25"
"848","Дисконтная карта класса W2","Aramitex","10"
"849","Дисконтная карта класса W2","Led Lenser","10"
"850","Дисконтная карта класса W2","HydraPak","30"
"851","Дисконтная карта класса W2","ESTEM","10"
"852","Дисконтная карта класса W2","Klymit","25"
"853","Дисконтная карта класса W2","AIM Sports inc.","25"
"854","Дисконтная карта класса W2","Blackhawk!®","25"
"855","Дисконтная карта класса W2","Bolle®","25"
"856","Дисконтная карта класса W2","Cockpit™ USA","25"
"857","Дисконтная карта класса W2","Haix®","20"
"858","Дисконтная карта класса W2","ITI-GEAR®","25"
"859","Дисконтная карта класса W2","Life-Line®","20"
"860","Дисконтная карта класса W2","Oakley®","25"
"861","Дисконтная карта класса W2","Radians®","25"
"862","Дисконтная карта класса W2","SureFire WeaponLight®","25"
"863","Дисконтная карта класса W2","Trijicon®","10"
"864","Дисконтная карта класса W3","Onlyele","15"
"865","Дисконтная карта класса W3","Tops knives","20"
"866","Дисконтная карта класса W3","RECOIL","20"
"867","Дисконтная карта класса W3","Otis Technology","10"
"868","Дисконтная карта класса W3","Українська броня","10"
"869","Дисконтная карта класса W3","Talon Grips","10"
"870","Дисконтная карта класса W3","P1G","35"
"871","Дисконтная карта класса W3","Leatherman","20"
"872","Дисконтная карта класса W3","MATE","10"
"873","Дисконтная карта класса W3","5.11 Tactical®","22"
"874","Дисконтная карта класса W3","Advanced Technology International®","20"
"875","Дисконтная карта класса W3","Alpha Industries®","22"
"876","Дисконтная карта класса W3","Bates®","22"
"877","Дисконтная карта класса W3","EOTech®","10"
"878","Дисконтная карта класса W3","FAB DEFENSE®","20"
"879","Дисконтная карта класса W3","Fobus®","20"
"880","Дисконтная карта класса W3","Harley Davidson®","5"
"881","Дисконтная карта класса W3","Другие","22"
"882","Дисконтная карта класса W3","Propper®","22"
"883","Дисконтная карта класса W3","Pro-Tec®","20"
"884","Дисконтная карта класса W3","Vaude®","22"
"885","Дисконтная карта класса W3","Web-Tex®","22"
"886","Дисконтная карта класса W3","P1G-Tac®","25"
"887","Дисконтная карта класса W15","Onlyele","15"
"888","Дисконтная карта класса W15","AVEX","15"
"889","Дисконтная карта класса W15","Aramitex","10"
"890","Дисконтная карта класса W15","Led Lenser","10"
"891","Дисконтная карта класса W15","HydraPak","20"
"892","Дисконтная карта класса W15","MAM","10"
"893","Дисконтная карта класса W15","Klymit","15"
"894","Дисконтная карта класса W15","7.62 Design®","15"
"895","Дисконтная карта класса W15","Avirex®","15"
"896","Дисконтная карта класса W15","Bolle®","15"
"897","Дисконтная карта класса W15","Commandor®","15"
"898","Дисконтная карта класса W15","LOWA®","15"
"899","Дисконтная карта класса W15","McNett®","15"
"900","Дисконтная карта класса W15","MD Arms, LTD","15"
"901","Дисконтная карта класса W15","Oakley®","15"
"902","Дисконтная карта класса W15","Surplus Raw Vintage®","15"
"903","Дисконтная карта класса W15","TacGear®","25"
"904","Дисконтная карта класса W15","Tasmanian Tiger®","25"
"905","Дисконтная карта класса W15","Trijicon®","10"
"906","Дисконтная карта класса W15","Vintage®","15"
"907","Дисконтная карта класса W15","9Tactical","10"
"908","Дисконтная карта класса Wvip","Howard Leight","10"
"909","Дисконтная карта класса Wvip","Onlyele","10"
"910","Дисконтная карта класса Wvip","Podavach","10"
"911","Дисконтная карта класса Wvip","Brandit®","20"
"912","Дисконтная карта класса Wvip","Sturm Mil-Tec® Reenactment","10"
"913","Дисконтная карта класса Wvip","P1G Armor","10"
"914","Дисконтная карта класса Wvip","7.62 Design®","20"
"915","Дисконтная карта класса Wvip","CAA TACTICAL®","20"
"916","Дисконтная карта класса Wvip","Commandor®","20"
"917","Дисконтная карта класса Wvip","Corcoran®","20"
"918","Дисконтная карта класса Wvip","ESS®","20"
